--
-- PostgreSQL database dump
--

-- Dumped from database version 12.17 (Ubuntu 12.17-0ubuntu0.20.04.1)
-- Dumped by pg_dump version 12.17 (Ubuntu 12.17-0ubuntu0.20.04.1)

SET statement_timeout = 0;
SET lock_timeout = 0;
SET idle_in_transaction_session_timeout = 0;
SET client_encoding = 'UTF8';
SET standard_conforming_strings = on;
SELECT pg_catalog.set_config('search_path', '', false);
SET check_function_bodies = false;
SET xmloption = content;
SET client_min_messages = warning;
SET row_security = off;

ALTER TABLE ONLY public.profskills_skill_topics DROP CONSTRAINT profskills_skill_top_topic_id_0dd1cac5_fk_profskill;
ALTER TABLE ONLY public.profskills_skill_topics DROP CONSTRAINT profskills_skill_top_skill_id_2d1b1d39_fk_profskill;
ALTER TABLE ONLY public.profskills_profession_skills DROP CONSTRAINT profskills_professio_skill_id_db73ce24_fk_profskill;
ALTER TABLE ONLY public.profskills_profession_skills DROP CONSTRAINT profskills_professio_profession_id_d185ca0b_fk_profskill;
DROP INDEX public.profskills_skill_topics_topic_id_0dd1cac5;
DROP INDEX public.profskills_skill_topics_skill_id_2d1b1d39;
DROP INDEX public.profskills_professions_skills_skill_id_db73ce24;
DROP INDEX public.profskills_professions_skills_professions_id_98120e7c;
ALTER TABLE ONLY public.profskills_topic DROP CONSTRAINT profskills_topic_pkey;
ALTER TABLE ONLY public.profskills_skill_topics DROP CONSTRAINT profskills_skill_topics_skill_id_topic_id_55b29cbb_uniq;
ALTER TABLE ONLY public.profskills_skill_topics DROP CONSTRAINT profskills_skill_topics_pkey;
ALTER TABLE ONLY public.profskills_skill DROP CONSTRAINT profskills_skill_pkey;
ALTER TABLE ONLY public.profskills_profession_skills DROP CONSTRAINT profskills_professions_skills_pkey;
ALTER TABLE ONLY public.profskills_profession_skills DROP CONSTRAINT profskills_professions_s_professions_id_skill_id_efd2d20c_uniq;
ALTER TABLE ONLY public.profskills_profession DROP CONSTRAINT profskills_professions_pkey;
DROP TABLE public.profskills_topic;
DROP TABLE public.profskills_skill_topics;
DROP TABLE public.profskills_skill;
DROP TABLE public.profskills_profession_skills;
DROP TABLE public.profskills_profession;
SET default_tablespace = '';

SET default_table_access_method = heap;

--
-- Name: profskills_profession; Type: TABLE; Schema: public; Owner: -
--

CREATE TABLE public.profskills_profession (
    id bigint NOT NULL,
    name character varying(255) NOT NULL,
    description text
);


--
-- Name: profskills_profession_skills; Type: TABLE; Schema: public; Owner: -
--

CREATE TABLE public.profskills_profession_skills (
    id bigint NOT NULL,
    profession_id bigint NOT NULL,
    skill_id bigint NOT NULL
);


--
-- Name: profskills_professions_id_seq; Type: SEQUENCE; Schema: public; Owner: -
--

ALTER TABLE public.profskills_profession ALTER COLUMN id ADD GENERATED BY DEFAULT AS IDENTITY (
    SEQUENCE NAME public.profskills_professions_id_seq
    START WITH 1
    INCREMENT BY 1
    NO MINVALUE
    NO MAXVALUE
    CACHE 1
);


--
-- Name: profskills_professions_skills_id_seq; Type: SEQUENCE; Schema: public; Owner: -
--

ALTER TABLE public.profskills_profession_skills ALTER COLUMN id ADD GENERATED BY DEFAULT AS IDENTITY (
    SEQUENCE NAME public.profskills_professions_skills_id_seq
    START WITH 1
    INCREMENT BY 1
    NO MINVALUE
    NO MAXVALUE
    CACHE 1
);


--
-- Name: profskills_skill; Type: TABLE; Schema: public; Owner: -
--

CREATE TABLE public.profskills_skill (
    id bigint NOT NULL,
    name character varying(255) NOT NULL,
    description text
);


--
-- Name: profskills_skill_id_seq; Type: SEQUENCE; Schema: public; Owner: -
--

ALTER TABLE public.profskills_skill ALTER COLUMN id ADD GENERATED BY DEFAULT AS IDENTITY (
    SEQUENCE NAME public.profskills_skill_id_seq
    START WITH 1
    INCREMENT BY 1
    NO MINVALUE
    NO MAXVALUE
    CACHE 1
);


--
-- Name: profskills_skill_topics; Type: TABLE; Schema: public; Owner: -
--

CREATE TABLE public.profskills_skill_topics (
    id bigint NOT NULL,
    skill_id bigint NOT NULL,
    topic_id bigint NOT NULL
);


--
-- Name: profskills_skill_topics_id_seq; Type: SEQUENCE; Schema: public; Owner: -
--

ALTER TABLE public.profskills_skill_topics ALTER COLUMN id ADD GENERATED BY DEFAULT AS IDENTITY (
    SEQUENCE NAME public.profskills_skill_topics_id_seq
    START WITH 1
    INCREMENT BY 1
    NO MINVALUE
    NO MAXVALUE
    CACHE 1
);


--
-- Name: profskills_topic; Type: TABLE; Schema: public; Owner: -
--

CREATE TABLE public.profskills_topic (
    id bigint NOT NULL,
    name character varying(255) NOT NULL,
    description text,
    pet_project_ideas text,
    useful_links text
);


--
-- Name: profskills_topic_id_seq; Type: SEQUENCE; Schema: public; Owner: -
--

ALTER TABLE public.profskills_topic ALTER COLUMN id ADD GENERATED BY DEFAULT AS IDENTITY (
    SEQUENCE NAME public.profskills_topic_id_seq
    START WITH 1
    INCREMENT BY 1
    NO MINVALUE
    NO MAXVALUE
    CACHE 1
);


--
-- Data for Name: profskills_profession; Type: TABLE DATA; Schema: public; Owner: -
--

COPY public.profskills_profession (id, name, description) FROM stdin;
6	developer	make magic
7	produser	make magic
8	architect	make magic
\.


--
-- Data for Name: profskills_profession_skills; Type: TABLE DATA; Schema: public; Owner: -
--

COPY public.profskills_profession_skills (id, profession_id, skill_id) FROM stdin;
6	6	2
7	7	3
8	8	1
\.


--
-- Data for Name: profskills_skill; Type: TABLE DATA; Schema: public; Owner: -
--

COPY public.profskills_skill (id, name, description) FROM stdin;
1	build	can build cargo stile
2	developing_app	can developing new web app
3	actor	can doing cool stuff
\.


--
-- Data for Name: profskills_skill_topics; Type: TABLE DATA; Schema: public; Owner: -
--

COPY public.profskills_skill_topics (id, skill_id, topic_id) FROM stdin;
9	1	3
10	2	2
11	3	1
\.


--
-- Data for Name: profskills_topic; Type: TABLE DATA; Schema: public; Owner: -
--

COPY public.profskills_topic (id, name, description, pet_project_ideas, useful_links) FROM stdin;
1	New_film	New film about funny animals	string	youtube.com
2	New_web_app	Ferry timetable	string	unity-line.com
3	New_buildings	Build buildings for short leaving	string	kupol-house.com
\.


--
-- Name: profskills_professions_id_seq; Type: SEQUENCE SET; Schema: public; Owner: -
--

SELECT pg_catalog.setval('public.profskills_professions_id_seq', 8, true);


--
-- Name: profskills_professions_skills_id_seq; Type: SEQUENCE SET; Schema: public; Owner: -
--

SELECT pg_catalog.setval('public.profskills_professions_skills_id_seq', 8, true);


--
-- Name: profskills_skill_id_seq; Type: SEQUENCE SET; Schema: public; Owner: -
--

SELECT pg_catalog.setval('public.profskills_skill_id_seq', 3, true);


--
-- Name: profskills_skill_topics_id_seq; Type: SEQUENCE SET; Schema: public; Owner: -
--

SELECT pg_catalog.setval('public.profskills_skill_topics_id_seq', 11, true);


--
-- Name: profskills_topic_id_seq; Type: SEQUENCE SET; Schema: public; Owner: -
--

SELECT pg_catalog.setval('public.profskills_topic_id_seq', 3, true);


--
-- Name: profskills_profession profskills_professions_pkey; Type: CONSTRAINT; Schema: public; Owner: -
--

ALTER TABLE ONLY public.profskills_profession
    ADD CONSTRAINT profskills_professions_pkey PRIMARY KEY (id);


--
-- Name: profskills_profession_skills profskills_professions_s_professions_id_skill_id_efd2d20c_uniq; Type: CONSTRAINT; Schema: public; Owner: -
--

ALTER TABLE ONLY public.profskills_profession_skills
    ADD CONSTRAINT profskills_professions_s_professions_id_skill_id_efd2d20c_uniq UNIQUE (profession_id, skill_id);


--
-- Name: profskills_profession_skills profskills_professions_skills_pkey; Type: CONSTRAINT; Schema: public; Owner: -
--

ALTER TABLE ONLY public.profskills_profession_skills
    ADD CONSTRAINT profskills_professions_skills_pkey PRIMARY KEY (id);


--
-- Name: profskills_skill profskills_skill_pkey; Type: CONSTRAINT; Schema: public; Owner: -
--

ALTER TABLE ONLY public.profskills_skill
    ADD CONSTRAINT profskills_skill_pkey PRIMARY KEY (id);


--
-- Name: profskills_skill_topics profskills_skill_topics_pkey; Type: CONSTRAINT; Schema: public; Owner: -
--

ALTER TABLE ONLY public.profskills_skill_topics
    ADD CONSTRAINT profskills_skill_topics_pkey PRIMARY KEY (id);


--
-- Name: profskills_skill_topics profskills_skill_topics_skill_id_topic_id_55b29cbb_uniq; Type: CONSTRAINT; Schema: public; Owner: -
--

ALTER TABLE ONLY public.profskills_skill_topics
    ADD CONSTRAINT profskills_skill_topics_skill_id_topic_id_55b29cbb_uniq UNIQUE (skill_id, topic_id);


--
-- Name: profskills_topic profskills_topic_pkey; Type: CONSTRAINT; Schema: public; Owner: -
--

ALTER TABLE ONLY public.profskills_topic
    ADD CONSTRAINT profskills_topic_pkey PRIMARY KEY (id);


--
-- Name: profskills_professions_skills_professions_id_98120e7c; Type: INDEX; Schema: public; Owner: -
--

CREATE INDEX profskills_professions_skills_professions_id_98120e7c ON public.profskills_profession_skills USING btree (profession_id);


--
-- Name: profskills_professions_skills_skill_id_db73ce24; Type: INDEX; Schema: public; Owner: -
--

CREATE INDEX profskills_professions_skills_skill_id_db73ce24 ON public.profskills_profession_skills USING btree (skill_id);


--
-- Name: profskills_skill_topics_skill_id_2d1b1d39; Type: INDEX; Schema: public; Owner: -
--

CREATE INDEX profskills_skill_topics_skill_id_2d1b1d39 ON public.profskills_skill_topics USING btree (skill_id);


--
-- Name: profskills_skill_topics_topic_id_0dd1cac5; Type: INDEX; Schema: public; Owner: -
--

CREATE INDEX profskills_skill_topics_topic_id_0dd1cac5 ON public.profskills_skill_topics USING btree (topic_id);


--
-- Name: profskills_profession_skills profskills_professio_profession_id_d185ca0b_fk_profskill; Type: FK CONSTRAINT; Schema: public; Owner: -
--

ALTER TABLE ONLY public.profskills_profession_skills
    ADD CONSTRAINT profskills_professio_profession_id_d185ca0b_fk_profskill FOREIGN KEY (profession_id) REFERENCES public.profskills_profession(id) DEFERRABLE INITIALLY DEFERRED;


--
-- Name: profskills_profession_skills profskills_professio_skill_id_db73ce24_fk_profskill; Type: FK CONSTRAINT; Schema: public; Owner: -
--

ALTER TABLE ONLY public.profskills_profession_skills
    ADD CONSTRAINT profskills_professio_skill_id_db73ce24_fk_profskill FOREIGN KEY (skill_id) REFERENCES public.profskills_skill(id) DEFERRABLE INITIALLY DEFERRED;


--
-- Name: profskills_skill_topics profskills_skill_top_skill_id_2d1b1d39_fk_profskill; Type: FK CONSTRAINT; Schema: public; Owner: -
--

ALTER TABLE ONLY public.profskills_skill_topics
    ADD CONSTRAINT profskills_skill_top_skill_id_2d1b1d39_fk_profskill FOREIGN KEY (skill_id) REFERENCES public.profskills_skill(id) DEFERRABLE INITIALLY DEFERRED;


--
-- Name: profskills_skill_topics profskills_skill_top_topic_id_0dd1cac5_fk_profskill; Type: FK CONSTRAINT; Schema: public; Owner: -
--

ALTER TABLE ONLY public.profskills_skill_topics
    ADD CONSTRAINT profskills_skill_top_topic_id_0dd1cac5_fk_profskill FOREIGN KEY (topic_id) REFERENCES public.profskills_topic(id) DEFERRABLE INITIALLY DEFERRED;


--
-- PostgreSQL database dump complete
--

